1,1,"Développeur(se) .Net","Développeur(se) .Net","Editeur d’une suite CRM complète et Expert Retail Front Office alliant expertise métier et nouvelles technologies au service des enseignes de la distribution spécialisée en environnement multicanal, nous recherchons actuellement plusieurs développeurs .Net.

Poste :

Au sein d’un pôle de compétences techniques en développement .NET, vous prenez en charge des travaux à forte valeur ajoutée, et assurez notamment :

    La conception, la modélisation et le développement des projets ou parties de projets techniques
    La prise en charge de projets de R&D
    La mise en œuvre de techniques et de technologies de développement innovantes
    Le développement d’application dans un souci de qualité, de respect des délais, de stabilité et de pérennité

Profil:

    Bac +3/5 en informatique
    Expérience d’au moins 2 ans dans le Développement C# .Net
    Connaissances avancées dans l’utilisation de Visual Studio et du langage C#
    La connaissance de Xamarin serait un plus
    La maitrise des bases de données relationnelles (MySQL notamment) serait fortement appréciée
    Une première expérience de projet en méthodologie Agile/Scrum serait un atout
    Votre êtes reconnu pour votre sens du service client et du respect de la qualité de vos réalisations ainsi que de vos engagements
    Bon relationnel, aptitudes à travailler en équipe et réel sens du service
    Bonnes capacités d’analyse
    Curiosité dans le domaine des nouvelles technologies

Type d'emploi : CDI

Expérience:

    développement .Net: 1 an (Souhaitée))","Editeur d’une suite CRM complète et Expert Retail Front Office alliant expertise métier et nouvelles technologies au service des enseignes de la distribution spécialisée en environnement multicanal, nous recherchons actuellement plusieurs développeurs .Net.

Poste :

Au sein d’un pôle de compétences techniques en développement .NET, vous prenez en charge des travaux à forte valeur ajoutée, et assurez notamment :

    La conception, la modélisation et le développement des projets ou parties de projets techniques
    La prise en charge de projets de R&D
    La mise en œuvre de techniques et de technologies de développement innovantes
    Le développement d’application dans un souci de qualité, de respect des délais, de stabilité et de pérennité

Profil:

    Bac +3/5 en informatique
    Expérience d’au moins 2 ans dans le Développement C# .Net
    Connaissances avancées dans l’utilisation de Visual Studio et du langage C#
    La connaissance de Xamarin serait un plus
    La maitrise des bases de données relationnelles (MySQL notamment) serait fortement appréciée
    Une première expérience de projet en méthodologie Agile/Scrum serait un atout
    Votre êtes reconnu pour votre sens du service client et du respect de la qualité de vos réalisations ainsi que de vos engagements
    Bon relationnel, aptitudes à travailler en équipe et réel sens du service
    Bonnes capacités d’analyse
    Curiosité dans le domaine des nouvelles technologies

Type d'emploi : CDI

Expérience:

    développement .Net: 1 an (Souhaitée))","12 rue Victor Hugo","12 rue Victor Hugo","2018-07-20 00:00:00","2018-07-20 00:00:00",ATOS,ATOS,"Atos SE (Société Européenne), est un leader de la transformation numérique. Fort d'une base de clients mondiale, Atos est le n°1 européen du Big Data, de la Cybersécurité et de l'environnement de travail connecté, et fournit des services Cloud, des solutions d'infrastructure et gestion de données, des applications et plateformes métiers, ainsi que des services transactionnels par l'intermédiaire de Worldline, le leader européen des services de paiement. Grâce à ses technologies de pointe et son expertise digitale & sectorielle, Atos accompagne la transformation numérique de ses clients dans les secteurs Défense, Services financiers, Santé, Industrie, Médias, Services aux collectivités, Secteur Public, Distribution, Télécoms, et Transports. Partenaire informatique mondial des Jeux Olympiques et Paralympiques, Atos est coté sur le marché Euronext Paris et exerce ses activités sous les marques Atos, Atos Consulting, Atos Worldgrid, Bull, Canopy, Unify et Worldline. ","Atos SE (Société Européenne), est un leader de la transformation numérique. Fort d'une base de clients mondiale, Atos est le n°1 européen du Big Data, de la Cybersécurité et de l'environnement de travail connecté, et fournit des services Cloud, des solutions d'infrastructure et gestion de données, des applications et plateformes métiers, ainsi que des services transactionnels par l'intermédiaire de Worldline, le leader européen des services de paiement. Grâce à ses technologies de pointe et son expertise digitale & sectorielle, Atos accompagne la transformation numérique de ses clients dans les secteurs Défense, Services financiers, Santé, Industrie, Médias, Services aux collectivités, Secteur Public, Distribution, Télécoms, et Transports. Partenaire informatique mondial des Jeux Olympiques et Paralympiques, Atos est coté sur le marché Euronext Paris et exerce ses activités sous les marques Atos, Atos Consulting, Atos Worldgrid, Bull, Canopy, Unify et Worldline. ",Lyon,Lyon
2,2,"Technicien(ne) Systèmes et Réseaux H/F","Technicien(ne) Systèmes et Réseaux H/F","Akkion Recruitment, acteur des Ressources Humaines spécialiste du recrutement dans les métiers à forte valeur ajoutée, recrute pour son client, un(e)

Technicien(ne) Systèmes et Réseaux H/F

Justifiant d’une expérience convaincante et réussie en installation et en maintenance de matériels informatiques (postes de travail, serveurs, matériels en réseau) acquise idéalement en contexte multi-sites, vous démontrez vos compétences techniques et votre expertise pour l’installation et la mise en œuvre des systèmes et des équipements réseaux (switch, firewall…) en environnement multi-sites (Ile-de-France et Oise).

Grâce à votre capacité d’organisation, à votre capacité d’analyse, associées à votre rigueur et à votre réactivité vous êtes parfaitement autonome et efficace dans vos principales missions et responsabilités :

    Préparation et installation des postes de travail,
    Installation, mise en service et maintenance des serveurs et des équipements mobiles,
    Installation des imprimantes en réseau,
    Gestion des sauvegardes et modification des paramètres,
    Diagnostic et correction des dysfonctionnements,
    Assistance aux utilisateurs et support de N1 et N2,
    Suivi des incidents,
    Rédaction des rapports d’intervention.

Doté(e) d’excellentes qualité relationnelles, d’un réel sens du service et orienté(e) satisfaction client, vous garantissez la fiabilité, la cohérence, la sécurisation et la meilleure performance des systèmes et des équipements réseaux.

Diplômé(e) BAC+2/BAC+3 en informatique (BTS Systèmes et Réseaux, BTS Services Informatiques aux Organisations, BTS Systèmes Numériques, DUT Informatique, DUT Réseaux et Télécommunications, Licence Professionnelle Sécurité des Réseaux et des Systèmes Informatiques…), vous justifiez d’une expérience similaire acquise idéalement en environnement multi-sites.

Vous possédez des connaissances des systèmes d’exploitation Microsoft (postes et serveurs), des systèmes de virtualisation VMWare et Hyper-V et des pare-feu (protocoles TCP/IP, VPN).

Idéalement, vous connaissez Active Directory.

Mobile, vous vous déplacez fréquemment sur les différents sites (8 sites) en Ile-De-France et dans l’Oise.","Akkion Recruitment, acteur des Ressources Humaines spécialiste du recrutement dans les métiers à forte valeur ajoutée, recrute pour son client, un(e)

Technicien(ne) Systèmes et Réseaux H/F

Justifiant d’une expérience convaincante et réussie en installation et en maintenance de matériels informatiques (postes de travail, serveurs, matériels en réseau) acquise idéalement en contexte multi-sites, vous démontrez vos compétences techniques et votre expertise pour l’installation et la mise en œuvre des systèmes et des équipements réseaux (switch, firewall…) en environnement multi-sites (Ile-de-France et Oise).

Grâce à votre capacité d’organisation, à votre capacité d’analyse, associées à votre rigueur et à votre réactivité vous êtes parfaitement autonome et efficace dans vos principales missions et responsabilités :

    Préparation et installation des postes de travail,
    Installation, mise en service et maintenance des serveurs et des équipements mobiles,
    Installation des imprimantes en réseau,
    Gestion des sauvegardes et modification des paramètres,
    Diagnostic et correction des dysfonctionnements,
    Assistance aux utilisateurs et support de N1 et N2,
    Suivi des incidents,
    Rédaction des rapports d’intervention.

Doté(e) d’excellentes qualité relationnelles, d’un réel sens du service et orienté(e) satisfaction client, vous garantissez la fiabilité, la cohérence, la sécurisation et la meilleure performance des systèmes et des équipements réseaux.

Diplômé(e) BAC+2/BAC+3 en informatique (BTS Systèmes et Réseaux, BTS Services Informatiques aux Organisations, BTS Systèmes Numériques, DUT Informatique, DUT Réseaux et Télécommunications, Licence Professionnelle Sécurité des Réseaux et des Systèmes Informatiques…), vous justifiez d’une expérience similaire acquise idéalement en environnement multi-sites.

Vous possédez des connaissances des systèmes d’exploitation Microsoft (postes et serveurs), des systèmes de virtualisation VMWare et Hyper-V et des pare-feu (protocoles TCP/IP, VPN).

Idéalement, vous connaissez Active Directory.

Mobile, vous vous déplacez fréquemment sur les différents sites (8 sites) en Ile-De-France et dans l’Oise.","12 rue Victor Hugo","12 rue Victor Hugo","2018-08-28 00:00:00","2018-08-28 00:00:00",ATOS,ATOS,"Atos SE (Société Européenne), est un leader de la transformation numérique. Fort d'une base de clients mondiale, Atos est le n°1 européen du Big Data, de la Cybersécurité et de l'environnement de travail connecté, et fournit des services Cloud, des solutions d'infrastructure et gestion de données, des applications et plateformes métiers, ainsi que des services transactionnels par l'intermédiaire de Worldline, le leader européen des services de paiement. Grâce à ses technologies de pointe et son expertise digitale & sectorielle, Atos accompagne la transformation numérique de ses clients dans les secteurs Défense, Services financiers, Santé, Industrie, Médias, Services aux collectivités, Secteur Public, Distribution, Télécoms, et Transports. Partenaire informatique mondial des Jeux Olympiques et Paralympiques, Atos est coté sur le marché Euronext Paris et exerce ses activités sous les marques Atos, Atos Consulting, Atos Worldgrid, Bull, Canopy, Unify et Worldline. ","Atos SE (Société Européenne), est un leader de la transformation numérique. Fort d'une base de clients mondiale, Atos est le n°1 européen du Big Data, de la Cybersécurité et de l'environnement de travail connecté, et fournit des services Cloud, des solutions d'infrastructure et gestion de données, des applications et plateformes métiers, ainsi que des services transactionnels par l'intermédiaire de Worldline, le leader européen des services de paiement. Grâce à ses technologies de pointe et son expertise digitale & sectorielle, Atos accompagne la transformation numérique de ses clients dans les secteurs Défense, Services financiers, Santé, Industrie, Médias, Services aux collectivités, Secteur Public, Distribution, Télécoms, et Transports. Partenaire informatique mondial des Jeux Olympiques et Paralympiques, Atos est coté sur le marché Euronext Paris et exerce ses activités sous les marques Atos, Atos Consulting, Atos Worldgrid, Bull, Canopy, Unify et Worldline. ",Lyon,Lyon
10,10,"Développeur Back-end H/F","Développeur Back-end H/F","Chez nous, nous réalisons le film de vos plus belles émotions à partir de vos photos et vidéos. Le concept de notre start-up est nouveau en France : il suffit d’envoyer vos images, puis notre équipe de monteurs réalise votre film en 72h seulement.

Avec une clientèle issue de 3 marchés (tourisme, sports/loisirs, évènements familiaux), notre service s’adresse à toutes les situations propices à la prise d’images par des particuliers : un week-end entre amis, un voyage, un anniversaire, un mariage ou encore une sortie sportive.","Chez nous, nous réalisons le film de vos plus belles émotions à partir de vos photos et vidéos. Le concept de notre start-up est nouveau en France : il suffit d’envoyer vos images, puis notre équipe de monteurs réalise votre film en 72h seulement.

Avec une clientèle issue de 3 marchés (tourisme, sports/loisirs, évènements familiaux), notre service s’adresse à toutes les situations propices à la prise d’images par des particuliers : un week-end entre amis, un voyage, un anniversaire, un mariage ou encore une sortie sportive.","12 rue Victor Hugo","12 rue Victor Hugo","2018-11-20 00:00:00","2018-11-20 00:00:00",ATOS,ATOS,"Atos SE (Société Européenne), est un leader de la transformation numérique. Fort d'une base de clients mondiale, Atos est le n°1 européen du Big Data, de la Cybersécurité et de l'environnement de travail connecté, et fournit des services Cloud, des solutions d'infrastructure et gestion de données, des applications et plateformes métiers, ainsi que des services transactionnels par l'intermédiaire de Worldline, le leader européen des services de paiement. Grâce à ses technologies de pointe et son expertise digitale & sectorielle, Atos accompagne la transformation numérique de ses clients dans les secteurs Défense, Services financiers, Santé, Industrie, Médias, Services aux collectivités, Secteur Public, Distribution, Télécoms, et Transports. Partenaire informatique mondial des Jeux Olympiques et Paralympiques, Atos est coté sur le marché Euronext Paris et exerce ses activités sous les marques Atos, Atos Consulting, Atos Worldgrid, Bull, Canopy, Unify et Worldline. ","Atos SE (Société Européenne), est un leader de la transformation numérique. Fort d'une base de clients mondiale, Atos est le n°1 européen du Big Data, de la Cybersécurité et de l'environnement de travail connecté, et fournit des services Cloud, des solutions d'infrastructure et gestion de données, des applications et plateformes métiers, ainsi que des services transactionnels par l'intermédiaire de Worldline, le leader européen des services de paiement. Grâce à ses technologies de pointe et son expertise digitale & sectorielle, Atos accompagne la transformation numérique de ses clients dans les secteurs Défense, Services financiers, Santé, Industrie, Médias, Services aux collectivités, Secteur Public, Distribution, Télécoms, et Transports. Partenaire informatique mondial des Jeux Olympiques et Paralympiques, Atos est coté sur le marché Euronext Paris et exerce ses activités sous les marques Atos, Atos Consulting, Atos Worldgrid, Bull, Canopy, Unify et Worldline. ",Lyon,Lyon
11,11,"Développeur Front-end Homme Femme","Développeur Front-end Homme Femme","Chez nous, nous réalisons le film de vos plus belles émotions à partir de vos photos et vidéos. Le concept de notre start-up est nouveau en France : il suffit d’envoyer vos images, puis notre équipe de monteurs réalise votre film en 72h seulement.

Avec une clientèle issue de 3 marchés (tourisme, sports/loisirs, évènements familiaux), notre service s’adresse à toutes les situations propices à la prise d’images par des particuliers : un week-end entre amis, un voyage, un anniversaire, un mariage ou encore une sortie sportive.","Chez nous, nous réalisons le film de vos plus belles émotions à partir de vos photos et vidéos. Le concept de notre start-up est nouveau en France : il suffit d’envoyer vos images, puis notre équipe de monteurs réalise votre film en 72h seulement.

Avec une clientèle issue de 3 marchés (tourisme, sports/loisirs, évènements familiaux), notre service s’adresse à toutes les situations propices à la prise d’images par des particuliers : un week-end entre amis, un voyage, un anniversaire, un mariage ou encore une sortie sportive.","12 rue Victor Hugo","12 rue Victor Hugo","2018-10-09 00:00:00","2018-10-09 00:00:00",ATOS,ATOS,"Atos SE (Société Européenne), est un leader de la transformation numérique. Fort d'une base de clients mondiale, Atos est le n°1 européen du Big Data, de la Cybersécurité et de l'environnement de travail connecté, et fournit des services Cloud, des solutions d'infrastructure et gestion de données, des applications et plateformes métiers, ainsi que des services transactionnels par l'intermédiaire de Worldline, le leader européen des services de paiement. Grâce à ses technologies de pointe et son expertise digitale & sectorielle, Atos accompagne la transformation numérique de ses clients dans les secteurs Défense, Services financiers, Santé, Industrie, Médias, Services aux collectivités, Secteur Public, Distribution, Télécoms, et Transports. Partenaire informatique mondial des Jeux Olympiques et Paralympiques, Atos est coté sur le marché Euronext Paris et exerce ses activités sous les marques Atos, Atos Consulting, Atos Worldgrid, Bull, Canopy, Unify et Worldline. ","Atos SE (Société Européenne), est un leader de la transformation numérique. Fort d'une base de clients mondiale, Atos est le n°1 européen du Big Data, de la Cybersécurité et de l'environnement de travail connecté, et fournit des services Cloud, des solutions d'infrastructure et gestion de données, des applications et plateformes métiers, ainsi que des services transactionnels par l'intermédiaire de Worldline, le leader européen des services de paiement. Grâce à ses technologies de pointe et son expertise digitale & sectorielle, Atos accompagne la transformation numérique de ses clients dans les secteurs Défense, Services financiers, Santé, Industrie, Médias, Services aux collectivités, Secteur Public, Distribution, Télécoms, et Transports. Partenaire informatique mondial des Jeux Olympiques et Paralympiques, Atos est coté sur le marché Euronext Paris et exerce ses activités sous les marques Atos, Atos Consulting, Atos Worldgrid, Bull, Canopy, Unify et Worldline. ",Lyon,Lyon
14,14,hiuiuo,hiuiuo,jgjhjhgh,jgjhjhgh,"12 rue Victor Hugo","12 rue Victor Hugo","2018-11-06 00:00:00","2018-11-06 00:00:00",ATOS,ATOS,"Atos SE (Société Européenne), est un leader de la transformation numérique. Fort d'une base de clients mondiale, Atos est le n°1 européen du Big Data, de la Cybersécurité et de l'environnement de travail connecté, et fournit des services Cloud, des solutions d'infrastructure et gestion de données, des applications et plateformes métiers, ainsi que des services transactionnels par l'intermédiaire de Worldline, le leader européen des services de paiement. Grâce à ses technologies de pointe et son expertise digitale & sectorielle, Atos accompagne la transformation numérique de ses clients dans les secteurs Défense, Services financiers, Santé, Industrie, Médias, Services aux collectivités, Secteur Public, Distribution, Télécoms, et Transports. Partenaire informatique mondial des Jeux Olympiques et Paralympiques, Atos est coté sur le marché Euronext Paris et exerce ses activités sous les marques Atos, Atos Consulting, Atos Worldgrid, Bull, Canopy, Unify et Worldline. ","Atos SE (Société Européenne), est un leader de la transformation numérique. Fort d'une base de clients mondiale, Atos est le n°1 européen du Big Data, de la Cybersécurité et de l'environnement de travail connecté, et fournit des services Cloud, des solutions d'infrastructure et gestion de données, des applications et plateformes métiers, ainsi que des services transactionnels par l'intermédiaire de Worldline, le leader européen des services de paiement. Grâce à ses technologies de pointe et son expertise digitale & sectorielle, Atos accompagne la transformation numérique de ses clients dans les secteurs Défense, Services financiers, Santé, Industrie, Médias, Services aux collectivités, Secteur Public, Distribution, Télécoms, et Transports. Partenaire informatique mondial des Jeux Olympiques et Paralympiques, Atos est coté sur le marché Euronext Paris et exerce ses activités sous les marques Atos, Atos Consulting, Atos Worldgrid, Bull, Canopy, Unify et Worldline. ",Lyon,Lyon
15,15,"hue test2_ update","hue test2_ update",dsqdfs,dsqdfs,"12 rue Victor Hugo","12 rue Victor Hugo","2018-11-01 00:00:00","2018-11-01 00:00:00",ATOS,ATOS,"Atos SE (Société Européenne), est un leader de la transformation numérique. Fort d'une base de clients mondiale, Atos est le n°1 européen du Big Data, de la Cybersécurité et de l'environnement de travail connecté, et fournit des services Cloud, des solutions d'infrastructure et gestion de données, des applications et plateformes métiers, ainsi que des services transactionnels par l'intermédiaire de Worldline, le leader européen des services de paiement. Grâce à ses technologies de pointe et son expertise digitale & sectorielle, Atos accompagne la transformation numérique de ses clients dans les secteurs Défense, Services financiers, Santé, Industrie, Médias, Services aux collectivités, Secteur Public, Distribution, Télécoms, et Transports. Partenaire informatique mondial des Jeux Olympiques et Paralympiques, Atos est coté sur le marché Euronext Paris et exerce ses activités sous les marques Atos, Atos Consulting, Atos Worldgrid, Bull, Canopy, Unify et Worldline. ","Atos SE (Société Européenne), est un leader de la transformation numérique. Fort d'une base de clients mondiale, Atos est le n°1 européen du Big Data, de la Cybersécurité et de l'environnement de travail connecté, et fournit des services Cloud, des solutions d'infrastructure et gestion de données, des applications et plateformes métiers, ainsi que des services transactionnels par l'intermédiaire de Worldline, le leader européen des services de paiement. Grâce à ses technologies de pointe et son expertise digitale & sectorielle, Atos accompagne la transformation numérique de ses clients dans les secteurs Défense, Services financiers, Santé, Industrie, Médias, Services aux collectivités, Secteur Public, Distribution, Télécoms, et Transports. Partenaire informatique mondial des Jeux Olympiques et Paralympiques, Atos est coté sur le marché Euronext Paris et exerce ses activités sous les marques Atos, Atos Consulting, Atos Worldgrid, Bull, Canopy, Unify et Worldline. ",Lyon,Lyon
16,16,Réseaux,Réseaux,Réseaux,Réseaux,"12 rue Victor Hugo","12 rue Victor Hugo","2018-12-03 00:00:00","2018-12-03 00:00:00",ATOS,ATOS,"Atos SE (Société Européenne), est un leader de la transformation numérique. Fort d'une base de clients mondiale, Atos est le n°1 européen du Big Data, de la Cybersécurité et de l'environnement de travail connecté, et fournit des services Cloud, des solutions d'infrastructure et gestion de données, des applications et plateformes métiers, ainsi que des services transactionnels par l'intermédiaire de Worldline, le leader européen des services de paiement. Grâce à ses technologies de pointe et son expertise digitale & sectorielle, Atos accompagne la transformation numérique de ses clients dans les secteurs Défense, Services financiers, Santé, Industrie, Médias, Services aux collectivités, Secteur Public, Distribution, Télécoms, et Transports. Partenaire informatique mondial des Jeux Olympiques et Paralympiques, Atos est coté sur le marché Euronext Paris et exerce ses activités sous les marques Atos, Atos Consulting, Atos Worldgrid, Bull, Canopy, Unify et Worldline. ","Atos SE (Société Européenne), est un leader de la transformation numérique. Fort d'une base de clients mondiale, Atos est le n°1 européen du Big Data, de la Cybersécurité et de l'environnement de travail connecté, et fournit des services Cloud, des solutions d'infrastructure et gestion de données, des applications et plateformes métiers, ainsi que des services transactionnels par l'intermédiaire de Worldline, le leader européen des services de paiement. Grâce à ses technologies de pointe et son expertise digitale & sectorielle, Atos accompagne la transformation numérique de ses clients dans les secteurs Défense, Services financiers, Santé, Industrie, Médias, Services aux collectivités, Secteur Public, Distribution, Télécoms, et Transports. Partenaire informatique mondial des Jeux Olympiques et Paralympiques, Atos est coté sur le marché Euronext Paris et exerce ses activités sous les marques Atos, Atos Consulting, Atos Worldgrid, Bull, Canopy, Unify et Worldline. ",Lyon,Lyon
17,17,"Hue update","Hue update","Hue update","Hue update","12 rue Victor Hugo","12 rue Victor Hugo","2018-12-01 00:00:00","2018-12-01 00:00:00",ATOS,ATOS,"Atos SE (Société Européenne), est un leader de la transformation numérique. Fort d'une base de clients mondiale, Atos est le n°1 européen du Big Data, de la Cybersécurité et de l'environnement de travail connecté, et fournit des services Cloud, des solutions d'infrastructure et gestion de données, des applications et plateformes métiers, ainsi que des services transactionnels par l'intermédiaire de Worldline, le leader européen des services de paiement. Grâce à ses technologies de pointe et son expertise digitale & sectorielle, Atos accompagne la transformation numérique de ses clients dans les secteurs Défense, Services financiers, Santé, Industrie, Médias, Services aux collectivités, Secteur Public, Distribution, Télécoms, et Transports. Partenaire informatique mondial des Jeux Olympiques et Paralympiques, Atos est coté sur le marché Euronext Paris et exerce ses activités sous les marques Atos, Atos Consulting, Atos Worldgrid, Bull, Canopy, Unify et Worldline. ","Atos SE (Société Européenne), est un leader de la transformation numérique. Fort d'une base de clients mondiale, Atos est le n°1 européen du Big Data, de la Cybersécurité et de l'environnement de travail connecté, et fournit des services Cloud, des solutions d'infrastructure et gestion de données, des applications et plateformes métiers, ainsi que des services transactionnels par l'intermédiaire de Worldline, le leader européen des services de paiement. Grâce à ses technologies de pointe et son expertise digitale & sectorielle, Atos accompagne la transformation numérique de ses clients dans les secteurs Défense, Services financiers, Santé, Industrie, Médias, Services aux collectivités, Secteur Public, Distribution, Télécoms, et Transports. Partenaire informatique mondial des Jeux Olympiques et Paralympiques, Atos est coté sur le marché Euronext Paris et exerce ses activités sous les marques Atos, Atos Consulting, Atos Worldgrid, Bull, Canopy, Unify et Worldline. ",Lyon,Lyon
18,18,Stage_CSV,Stage_CSV,"Stage CSV","Stage CSV","12 rue Victor Hugo","12 rue Victor Hugo","2018-12-28 00:00:00","2018-12-28 00:00:00",ATOS,ATOS,"Atos SE (Société Européenne), est un leader de la transformation numérique. Fort d'une base de clients mondiale, Atos est le n°1 européen du Big Data, de la Cybersécurité et de l'environnement de travail connecté, et fournit des services Cloud, des solutions d'infrastructure et gestion de données, des applications et plateformes métiers, ainsi que des services transactionnels par l'intermédiaire de Worldline, le leader européen des services de paiement. Grâce à ses technologies de pointe et son expertise digitale & sectorielle, Atos accompagne la transformation numérique de ses clients dans les secteurs Défense, Services financiers, Santé, Industrie, Médias, Services aux collectivités, Secteur Public, Distribution, Télécoms, et Transports. Partenaire informatique mondial des Jeux Olympiques et Paralympiques, Atos est coté sur le marché Euronext Paris et exerce ses activités sous les marques Atos, Atos Consulting, Atos Worldgrid, Bull, Canopy, Unify et Worldline. ","Atos SE (Société Européenne), est un leader de la transformation numérique. Fort d'une base de clients mondiale, Atos est le n°1 européen du Big Data, de la Cybersécurité et de l'environnement de travail connecté, et fournit des services Cloud, des solutions d'infrastructure et gestion de données, des applications et plateformes métiers, ainsi que des services transactionnels par l'intermédiaire de Worldline, le leader européen des services de paiement. Grâce à ses technologies de pointe et son expertise digitale & sectorielle, Atos accompagne la transformation numérique de ses clients dans les secteurs Défense, Services financiers, Santé, Industrie, Médias, Services aux collectivités, Secteur Public, Distribution, Télécoms, et Transports. Partenaire informatique mondial des Jeux Olympiques et Paralympiques, Atos est coté sur le marché Euronext Paris et exerce ses activités sous les marques Atos, Atos Consulting, Atos Worldgrid, Bull, Canopy, Unify et Worldline. ",Lyon,Lyon
19,19,Stage_CSV3,Stage_CSV3,"Stage CSV3","Stage CSV3","12 rue Victor Hugo","12 rue Victor Hugo","2018-12-28 00:00:00","2018-12-28 00:00:00",ATOS,ATOS,"Atos SE (Société Européenne), est un leader de la transformation numérique. Fort d'une base de clients mondiale, Atos est le n°1 européen du Big Data, de la Cybersécurité et de l'environnement de travail connecté, et fournit des services Cloud, des solutions d'infrastructure et gestion de données, des applications et plateformes métiers, ainsi que des services transactionnels par l'intermédiaire de Worldline, le leader européen des services de paiement. Grâce à ses technologies de pointe et son expertise digitale & sectorielle, Atos accompagne la transformation numérique de ses clients dans les secteurs Défense, Services financiers, Santé, Industrie, Médias, Services aux collectivités, Secteur Public, Distribution, Télécoms, et Transports. Partenaire informatique mondial des Jeux Olympiques et Paralympiques, Atos est coté sur le marché Euronext Paris et exerce ses activités sous les marques Atos, Atos Consulting, Atos Worldgrid, Bull, Canopy, Unify et Worldline. ","Atos SE (Société Européenne), est un leader de la transformation numérique. Fort d'une base de clients mondiale, Atos est le n°1 européen du Big Data, de la Cybersécurité et de l'environnement de travail connecté, et fournit des services Cloud, des solutions d'infrastructure et gestion de données, des applications et plateformes métiers, ainsi que des services transactionnels par l'intermédiaire de Worldline, le leader européen des services de paiement. Grâce à ses technologies de pointe et son expertise digitale & sectorielle, Atos accompagne la transformation numérique de ses clients dans les secteurs Défense, Services financiers, Santé, Industrie, Médias, Services aux collectivités, Secteur Public, Distribution, Télécoms, et Transports. Partenaire informatique mondial des Jeux Olympiques et Paralympiques, Atos est coté sur le marché Euronext Paris et exerce ses activités sous les marques Atos, Atos Consulting, Atos Worldgrid, Bull, Canopy, Unify et Worldline. ",Lyon,Lyon
20,20,Stage_CSV3,Stage_CSV3,"Stage CSV3","Stage CSV3","12 rue Victor Hugo","12 rue Victor Hugo","2018-12-28 00:00:00","2018-12-28 00:00:00",ATOS,ATOS,"Atos SE (Société Européenne), est un leader de la transformation numérique. Fort d'une base de clients mondiale, Atos est le n°1 européen du Big Data, de la Cybersécurité et de l'environnement de travail connecté, et fournit des services Cloud, des solutions d'infrastructure et gestion de données, des applications et plateformes métiers, ainsi que des services transactionnels par l'intermédiaire de Worldline, le leader européen des services de paiement. Grâce à ses technologies de pointe et son expertise digitale & sectorielle, Atos accompagne la transformation numérique de ses clients dans les secteurs Défense, Services financiers, Santé, Industrie, Médias, Services aux collectivités, Secteur Public, Distribution, Télécoms, et Transports. Partenaire informatique mondial des Jeux Olympiques et Paralympiques, Atos est coté sur le marché Euronext Paris et exerce ses activités sous les marques Atos, Atos Consulting, Atos Worldgrid, Bull, Canopy, Unify et Worldline. ","Atos SE (Société Européenne), est un leader de la transformation numérique. Fort d'une base de clients mondiale, Atos est le n°1 européen du Big Data, de la Cybersécurité et de l'environnement de travail connecté, et fournit des services Cloud, des solutions d'infrastructure et gestion de données, des applications et plateformes métiers, ainsi que des services transactionnels par l'intermédiaire de Worldline, le leader européen des services de paiement. Grâce à ses technologies de pointe et son expertise digitale & sectorielle, Atos accompagne la transformation numérique de ses clients dans les secteurs Défense, Services financiers, Santé, Industrie, Médias, Services aux collectivités, Secteur Public, Distribution, Télécoms, et Transports. Partenaire informatique mondial des Jeux Olympiques et Paralympiques, Atos est coté sur le marché Euronext Paris et exerce ses activités sous les marques Atos, Atos Consulting, Atos Worldgrid, Bull, Canopy, Unify et Worldline. ",Lyon,Lyon
21,21,Stage_CSV4,Stage_CSV4,Stage_CSV4,Stage_CSV4,"12 rue Victor Hugo","12 rue Victor Hugo","2018-12-29 00:00:00","2018-12-29 00:00:00",ATOS,ATOS,"Atos SE (Société Européenne), est un leader de la transformation numérique. Fort d'une base de clients mondiale, Atos est le n°1 européen du Big Data, de la Cybersécurité et de l'environnement de travail connecté, et fournit des services Cloud, des solutions d'infrastructure et gestion de données, des applications et plateformes métiers, ainsi que des services transactionnels par l'intermédiaire de Worldline, le leader européen des services de paiement. Grâce à ses technologies de pointe et son expertise digitale & sectorielle, Atos accompagne la transformation numérique de ses clients dans les secteurs Défense, Services financiers, Santé, Industrie, Médias, Services aux collectivités, Secteur Public, Distribution, Télécoms, et Transports. Partenaire informatique mondial des Jeux Olympiques et Paralympiques, Atos est coté sur le marché Euronext Paris et exerce ses activités sous les marques Atos, Atos Consulting, Atos Worldgrid, Bull, Canopy, Unify et Worldline. ","Atos SE (Société Européenne), est un leader de la transformation numérique. Fort d'une base de clients mondiale, Atos est le n°1 européen du Big Data, de la Cybersécurité et de l'environnement de travail connecté, et fournit des services Cloud, des solutions d'infrastructure et gestion de données, des applications et plateformes métiers, ainsi que des services transactionnels par l'intermédiaire de Worldline, le leader européen des services de paiement. Grâce à ses technologies de pointe et son expertise digitale & sectorielle, Atos accompagne la transformation numérique de ses clients dans les secteurs Défense, Services financiers, Santé, Industrie, Médias, Services aux collectivités, Secteur Public, Distribution, Télécoms, et Transports. Partenaire informatique mondial des Jeux Olympiques et Paralympiques, Atos est coté sur le marché Euronext Paris et exerce ses activités sous les marques Atos, Atos Consulting, Atos Worldgrid, Bull, Canopy, Unify et Worldline. ",Lyon,Lyon
4,4,"Immobilier employee","Immobilier employee","Etre consultant megAgence, c’est accompagner vos clients sur une étape fondamentale de leur vie, l’achat ou la vente de leur logement . Intégrer megAgence c’est aussi l’opportunité d’évoluer et de se créer un parcours de carrière immobilière!","Etre consultant megAgence, c’est accompagner vos clients sur une étape fondamentale de leur vie, l’achat ou la vente de leur logement . Intégrer megAgence c’est aussi l’opportunité d’évoluer et de se créer un parcours de carrière immobilière!","15 rue Michelle","15 rue Michelle","2018-02-01 00:00:00","2018-02-01 00:00:00",Immobilier,Immobilier,"Immobilier agence","Immobilier agence",Pérouge,Pérouge
9,9,"Stage finance","Stage finance","stage finance Bac+2","stage finance Bac+2","15 rue Michelle","15 rue Michelle","2018-09-20 00:00:00","2018-09-20 00:00:00",Immobilier,Immobilier,"Immobilier agence","Immobilier agence",Pérouge,Pérouge
3,3,"Finance & Accounting Controller","Finance & Accounting Controller","Au cœur des nouvelles technologies, CISA INFORMATIQUE, est une société de services experte dans l’informatique (ESN), positionné sur cinq métiers complémentaires : l’Edition de progiciels de gestion intégrée (ERP), l’Intégration de progiciels de gestion,le Conseil, l’Hébergement sur Data Centers et les Systèmes & Réseaux.

Avec plus de 50 ans sd'existance, CISA INFORMATIQUE développe des progiciels de gestion à forte valeur ajoutée : ERP - GPAO - Gestion Commerciale - Gestion Financière - RH

Notre pérennité financière nous assure une expansion durable. Nous recrutons dans le cadre de notre développement.

Descriptif du poste

Nous recherchons un(e) consultant(e) spécialisé(e) dans la Comptabilité et la Finance pour notre Solution, les logiciels SAGE et TALENTIA SOFTWARE. Le poste est basé sur BOURG EN BRESSE.

Sous la direction du responsable de service, vous serez en charge de la bonne conduite des projets :

- Installation, analyse, paramétrage, formation et assistance.

- Appuyer ponctuellement l'équipe commerciale en Avant-Vente sur les problématiques financières

- Etre en relation avec le service R&D pour échanger sur les développements Produit

Rémunération : Fixe + primes + intéressement + tickets restaurants

Description du profil

De formation supérieure (Bac+4/5) type MSTCF - bonnes connaissances en Comptabilité et Finance de préférence sur le logiciel TALENTIA FINANCE 2.0 ou SAGE 100 C - expérience réussie de 2 ans minimum - très bon relationnel, disponible, tenace et rapidement opérationnel.

La Connaissance de la gestion des Coopératives Agricoles sera un atout supplémentaire.","Au cœur des nouvelles technologies, CISA INFORMATIQUE, est une société de services experte dans l’informatique (ESN), positionné sur cinq métiers complémentaires : l’Edition de progiciels de gestion intégrée (ERP), l’Intégration de progiciels de gestion,le Conseil, l’Hébergement sur Data Centers et les Systèmes & Réseaux.

Avec plus de 50 ans sd'existance, CISA INFORMATIQUE développe des progiciels de gestion à forte valeur ajoutée : ERP - GPAO - Gestion Commerciale - Gestion Financière - RH

Notre pérennité financière nous assure une expansion durable. Nous recrutons dans le cadre de notre développement.

Descriptif du poste

Nous recherchons un(e) consultant(e) spécialisé(e) dans la Comptabilité et la Finance pour notre Solution, les logiciels SAGE et TALENTIA SOFTWARE. Le poste est basé sur BOURG EN BRESSE.

Sous la direction du responsable de service, vous serez en charge de la bonne conduite des projets :

- Installation, analyse, paramétrage, formation et assistance.

- Appuyer ponctuellement l'équipe commerciale en Avant-Vente sur les problématiques financières

- Etre en relation avec le service R&D pour échanger sur les développements Produit

Rémunération : Fixe + primes + intéressement + tickets restaurants

Description du profil

De formation supérieure (Bac+4/5) type MSTCF - bonnes connaissances en Comptabilité et Finance de préférence sur le logiciel TALENTIA FINANCE 2.0 ou SAGE 100 C - expérience réussie de 2 ans minimum - très bon relationnel, disponible, tenace et rapidement opérationnel.

La Connaissance de la gestion des Coopératives Agricoles sera un atout supplémentaire.","30 rue Saint-avold","30 rue Saint-avold","2018-05-02 00:00:00","2018-05-02 00:00:00",SOGETI,SOGETI,"SOGETI, est un leader de la transformation numérique. Fort d'une base de clients mondiale, Atos est le n°1 européen du Big Data, de la Cybersécurité et de l'environnement de travail connecté, et fournit des services Cloud, des solutions d'infrastructure et gestion de données, des applications et plateformes métiers, ainsi que des services transactionnels par l'intermédiaire de Worldline, le leader européen des services de paiement. Grâce à ses technologies de pointe et son expertise digitale & sectorielle, Atos accompagne la transformation numérique de ses clients dans les secteurs Défense, Services financiers, Santé, Industrie, Médias, Services aux collectivités, Secteur Public, Distribution, Télécoms, et Transports. Partenaire informatique mondial des Jeux Olympiques et Paralympiques, Atos est coté sur le marché Euronext Paris et exerce ses activités sous les marques Atos, Atos Consulting, Atos Worldgrid, Bull, Canopy, Unify et Worldline. ","SOGETI, est un leader de la transformation numérique. Fort d'une base de clients mondiale, Atos est le n°1 européen du Big Data, de la Cybersécurité et de l'environnement de travail connecté, et fournit des services Cloud, des solutions d'infrastructure et gestion de données, des applications et plateformes métiers, ainsi que des services transactionnels par l'intermédiaire de Worldline, le leader européen des services de paiement. Grâce à ses technologies de pointe et son expertise digitale & sectorielle, Atos accompagne la transformation numérique de ses clients dans les secteurs Défense, Services financiers, Santé, Industrie, Médias, Services aux collectivités, Secteur Public, Distribution, Télécoms, et Transports. Partenaire informatique mondial des Jeux Olympiques et Paralympiques, Atos est coté sur le marché Euronext Paris et exerce ses activités sous les marques Atos, Atos Consulting, Atos Worldgrid, Bull, Canopy, Unify et Worldline. ",Nantue,Nantue
8,8,"Stage finance","Stage finance","stage finance Bac+2","stage finance Bac+2","28 rue Germain","28 rue Germain","2018-09-20 00:00:00","2018-09-20 00:00:00",Adamson,Adamson,"Adamson est un leader de la transformation numérique","Adamson est un leader de la transformation numérique",Villeurbanne,Villeurbanne
7,7,"Développeur PHP","Développeur PHP","Etre consultant megAgence, c’est accompagner vos clients sur une étape fondamentale de leur vie, l’achat ou la vente de leur logement . Intégrer megAgence c’est aussi l’opportunité d’évoluer et de se créer un parcours de carrière immobilière!","Etre consultant megAgence, c’est accompagner vos clients sur une étape fondamentale de leur vie, l’achat ou la vente de leur logement . Intégrer megAgence c’est aussi l’opportunité d’évoluer et de se créer un parcours de carrière immobilière!","109 rue Roncevaux","109 rue Roncevaux","2018-03-10 00:00:00","2018-03-10 00:00:00",ATAN,ATAN,"ATAN est un leader de la transformation numérique","ATAN est un leader de la transformation numérique",Ambronay,Ambronay
